,Unnamed: 0,image_id,melanoma,seborrheic_keratosis,colorRGB_1,occurence_of_colour_percent_1,colorRGB_2,occurence_of_colour_percent_2,colorRGB_3,occurence_of_colour_percent_3,colorRGB_4,occurence_of_colour_percent_4,colorRGB_5,occurence_of_colour_percent_5,adjusted_bool,adjusted_percent2,adjusted_percent3,adjusted_percent4,adjusted_percent5
0,0,ISIC_0001769,0.0,0.0,"180,131,103",0.5926135886453346,"170,111,78",0.8776350046191317,"147,78,47",0.9624065675652976,"159,93,61",1.1852271772906693,"0,0,0",96.38211766187956,1.0,16.38012332245192,24.258251722887167,26.601378309756942,32.76024664490384
1,1,ISIC_0001852,0.0,0.0,"144,79,44",0.3335747879398673,"163,109,80",0.4249076173679348,"120,49,23",0.43488074242042496,"87,27,15",0.9894389854707316,"0,0,0",97.81719786680105,1.0,15.281952627149288,19.466153661176,19.923049176385817,45.3288445352894
2,2,ISIC_0001871,0.0,0.0,"171,115,75",0.5175527000923826,"184,138,106",0.8652998236331569,"189,151,129",0.926188376585202,"179,127,91",1.109116486100613,"0,0,0",96.58184261358863,1.0,15.141277641277592,25.314803439803356,27.09613022113013,32.44778869778859
3,3,ISIC_0003462,0.0,0.0,"162,105,69",0.4965566473502982,"172,128,100",0.5304127823969094,"180,150,132",0.8235701688082641,"149,84,48",0.8437788695725204,"0,0,0",97.30568153187201,1.0,18.4297681667641,19.686343269043466,30.56691992986561,31.316968634326937
4,4,ISIC_0003539,0.0,0.0,"113,36,17",0.6369677500629882,"152,72,32",1.1374611573024271,"173,106,64",1.3395481649449903,"182,129,93",2.1547199126564207,"0,0,0",94.73130301503319,1.0,12.08966376089668,21.589041095890483,25.42465753424666,40.896637608966515
5,5,ISIC_0003582,0.0,0.0,"145,90,60",2.1366108171663725,"165,122,98",3.241528092718569,"112,52,34",5.051912740404804,"80,36,29",7.312400268749474,"0,0,0",82.25754808096077,1.0,12.04236498380249,18.269899264825522,28.4735884502167,41.21414730115526
6,6,ISIC_0003657,0.0,0.0,"164,113,82",0.9398358108675571,"169,126,103",1.0791971109431426,"149,84,47",1.1925757957503993,"157,99,65",2.44157848324515,"0,0,0",94.34681279919373,1.0,16.624883936861586,19.090064995357395,21.09563602599806,43.189415041782546
7,7,ISIC_0003805,0.0,0.0,"138,67,37",0.3868522717729067,"179,127,97",0.5787037037037037,"167,105,72",0.6222705131435289,"155,87,55",0.6939195431258923,"0,0,0",97.71825396825396,1.0,16.954221302047337,25.362318840579633,27.271681619507618,30.411778237865104
8,8,ISIC_0004337,0.0,0.0,"146,78,34",0.6141345427059712,"163,109,74",0.809397833207357,"155,92,50",0.8889203829680021,"168,121,93",1.1524208448811624,"0,0,0",96.5351263962375,1.0,17.724587183760004,23.360096955006778,25.655203757006472,33.26011210422658
9,9,ISIC_0006651,0.0,0.0,"181,131,98",1.0217204165616864,"169,107,63",1.6219450743260266,"188,152,130",1.8786218190980095,"158,87,40",2.539997480473671,"0,0,0",92.9377152095406,1.0,14.467278605670952,22.966293805046615,26.60076554312681,35.96566204615553
10,10,ISIC_0006671,0.0,0.0,"163,113,89",0.4994436046023348,"177,140,128",0.6584887041236247,"169,123,101",0.8600508104476358,"174,131,114",0.8781599059376838,"0,0,0",97.10385697488873,1.0,17.245129134571865,22.736746714997793,29.69642048029006,30.321703670140547
11,11,ISIC_0006815,0.0,0.0,"183,113,79",0.24198704511152105,"187,123,95",0.2947866007043434,"190,133,112",0.30932940633909106,"194,142,129",0.3985514841522724,"0,0,0",98.75534546369276,1.0,19.442105263157746,23.684210526315606,24.85263157894718,32.021052631578705
12,12,ISIC_0006914,0.0,0.0,"156,100,61",1.6544889560762577,"166,121,88",3.135235575711766,"175,149,131",3.355169228185101,"172,136,110",3.3766901822457376,"0,0,0",88.47841605778116,1.0,14.359908883826908,27.211845102505748,29.12072892938502,29.307517084282516
13,13,ISIC_0007141,0.0,0.0,"170,126,98",2.597736625514403,"158,102,68",3.153082220542538,"147,84,49",5.228279583438313,"178,148,129",5.592561098513478,"0,0,0",83.42834047199126,1.0,15.675778404231728,19.026955117037783,31.54952329669633,33.747743182034135
14,14,ISIC_0007156,0.0,0.0,"158,74,42",1.1597694633408921,"210,137,97",1.2500524901318553,"226,170,138",1.9208763752414548,"184,100,62",2.0539388594944152,"0,0,0",93.6153628117914,1.0,18.165001849796575,19.57906852468456,30.085912771817405,32.17001685370173
15,15,ISIC_0007235,0.0,0.0,"174,112,64",1.1847801022975013,"142,68,39",1.2606385208787525,"183,136,93",1.6906339091061546,"162,88,49",1.8766770082173403,"0,0,0",93.98727045950024,1.0,19.704530102629985,20.966160416621225,28.117577844115594,31.211731636632965
16,16,ISIC_0007241,0.0,0.0,"137,76,35",0.9876018308557992,"152,101,61",1.1490089863105737,"165,128,97",1.3214390694549425,"173,149,129",2.299592676576804,"0,0,0",94.24235743680187,1.0,17.152885404321232,19.95624031361104,22.95104385085235,39.93983043121516
17,17,ISIC_0007332,0.0,0.0,"143,66,33",0.9408856135046612,"206,158,136",2.4323927101704883,"176,102,64",2.61925757957504,"191,129,95",2.7943121693121693,"0,0,0",91.21315192743765,1.0,10.70788530465951,27.682198327359647,29.80884109916371,31.801075268817236
18,18,ISIC_0007344,0.0,0.0,"117,50,26",1.631655748719241,"165,120,94",2.054988662131519,"153,97,65",2.0741475602586714,"136,73,41",2.901916939615353,"0,0,0",91.33729108927523,1.0,18.83539855182236,23.72224073681343,23.94340594419368,33.498954767170645
19,19,ISIC_0007528,0.0,0.0,"169,96,52",0.5254262198706643,"177,112,74",0.5939258419417149,"184,129,100",0.6582262534643487,"187,142,119",0.992325942722768,"0,0,0",97.2300957420005,1.0,18.969111237445492,21.442107257911665,23.763501989766883,35.825279514875824
20,20,ISIC_0007796,0.0,0.0,"165,124,102",0.9574200050390528,"143,80,44",0.9742168472327204,"156,103,71",1.3319370958259846,"171,145,135",1.399649365919207,"0,0,0",95.33677668598305,1.0,20.53129221071598,20.89149031967591,28.562584421431904,30.014633048176616
21,21,ISIC_0008025,0.0,0.0,"160,98,51",2.095406063660032,"174,126,92",2.22794364659444,"178,141,115",2.6452401948433693,"168,112,70",3.443615100361132,"0,0,0",89.58779499454103,1.0,20.124517934111363,21.39742394071535,25.405187407052658,33.07287071812064
22,22,ISIC_0008524,0.0,0.0,"180,115,64",0.2934764380345464,"191,139,96",0.7613355274190843,"195,150,115",0.7832152440046956,"187,130,82",0.8523918329699817,"0,0,0",97.3095809575717,1.0,10.90820550280012,28.29802775748727,29.111273435597813,31.68249330411499
23,23,ISIC_0009995,0.0,0.0,"0,0,0",7.309977213541668,"176,176,163",17.366536458333336,"171,155,130",20.438639322916664,"153,115,80",25.01627604166667,"164,137,104",29.86857096354167,0.0,,,,
24,24,ISIC_0010459,0.0,0.0,"173,170,167",6.345621744791668,"156,140,137",13.126627604166664,"129,99,103",23.787434895833336,"141,116,118",25.41097005208333,"0,0,0",31.329345703125,1.0,9.240660089473531,19.115337895890733,34.63988386217522,37.004118152460514
25,25,ISIC_0012099,1.0,0.0,"172,104,84",0.2710106382978723,"188,144,133",0.3151595744680851,"138,63,46",0.3215425531914894,"86,34,30",0.5978723404255321,"0,0,0",98.49441489361702,1.0,18.000353294470916,20.932697403285612,21.35665076841545,39.7102985338279
26,26,ISIC_0012109,0.0,0.0,"166,131,104",0.3558510638297873,"149,97,68",0.4380319148936169,"117,65,46",0.6015957446808511,"79,44,36",0.7867021276595745,"0,0,0",97.81781914893615,1.0,16.307129798902977,20.073126142595807,27.568555758683505,36.05118829981689
27,27,ISIC_0012126,0.0,0.0,"173,135,108",0.22845744680851066,"158,100,67",0.2901595744680851,"100,41,22",0.3335106382978724,"133,68,39",0.4303191489361702,"0,0,0",98.71755319148936,1.0,17.814184985483156,22.62546661136452,26.005806719203587,33.55454168394848
28,28,ISIC_0012127,0.0,0.0,"83,28,23",0.28537234042553195,"117,49,39",0.4409574468085107,"149,96,76",0.5077127659574467,"137,75,57",0.5787234042553191,"0,0,0",98.1872340425532,1.0,15.742370892018858,24.325117370892137,28.00762910798135,31.924882629108133
29,29,ISIC_0012143,0.0,1.0,"95,50,38",1.2103723404255318,"116,72,63",3.652127659574468,"126,88,82",6.69281914893617,"133,101,98",7.260638297872339,"0,0,0",81.18404255319147,1.0,6.4326906767682415,19.409735964267526,35.569910103465794,38.58766325549835
30,30,ISIC_0012151,1.0,0.0,"134,69,42",4.2992021276595755,"168,133,101",5.5175531914893625,"160,111,76",7.214893617021277,"150,90,58",9.017021276595743,"0,0,0",73.95132978723404,1.0,16.50449751386011,21.181707727964227,27.697742564552854,34.61605219362282
31,31,ISIC_0012159,0.0,0.0,"166,115,98",0.7465425531914893,"170,139,130",1.108776595744681,"167,126,112",1.6582446808510638,"168,131,121",2.0263297872340424,"0,0,0",94.46010638297872,1.0,13.475756120979353,20.014402304368694,29.9327892462794,36.57705232837253
32,32,ISIC_0012160,0.0,0.0,"167,120,91",0.2194148936170213,"172,133,106",0.5132978723404256,"174,141,115",0.5430851063829787,"175,147,124",0.5922872340425531,"0,0,0",98.13191489361702,1.0,11.74544419134397,27.477220956719837,29.07175398633259,31.705580865603658
33,33,ISIC_0012191,0.0,0.0,"125,71,44",0.8601063829787234,"63,27,17",0.9074468085106382,"97,45,26",0.9279255319148936,"141,94,66",1.0340425531914894,"0,0,0",96.27047872340424,1.0,23.062112244170187,24.331455466019996,24.88055337659548,27.72587891321388
34,34,ISIC_0012201,0.0,0.0,"156,109,80",1.0933510638297872,"142,80,46",1.1718085106382978,"121,52,24",1.8492021276595745,"99,35,15",1.968617021276596,"0,0,0",93.91702127659576,1.0,17.97394193774052,19.26372857642538,30.39961525008753,32.362714235746864
35,35,ISIC_0012204,0.0,1.0,"128,43,19",0.07287234042553191,"151,82,51",0.15345744680851064,"164,103,76",1.0023936170212766,"169,112,88",1.6707446808510638,"0,0,0",97.10053191489362,1.0,2.513300311869386,5.2926068611264085,34.57163823151721,57.62245459548717
36,36,ISIC_0012206,0.0,0.0,"109,51,25",1.5154255319148937,"140,78,41",2.8595744680851065,"155,102,64",2.9744680851063836,"164,124,89",3.2242021276595736,"0,0,0",89.42632978723404,1.0,14.332067308901573,27.04429408657594,28.130895188268727,30.49274341625372
37,37,ISIC_0012210,0.0,1.0,"180,129,95",1.1101063829787234,"186,151,125",3.360372340425532,"184,138,108",3.429787234042553,"185,145,117",5.376063829787233,"0,0,0",86.72367021276597,1.0,8.361545704040552,25.31100382619846,25.833850838358156,40.493599631402894
38,38,ISIC_0012221,0.0,0.0,"148,98,87",0.7351063829787234,"136,72,58",0.7981382978723405,"96,33,31",0.8303191489361702,"119,49,40",0.926063829787234,"0,0,0",96.71037234042555,1.0,22.34618805077222,24.262268574662603,25.24052065648005,28.151022718085695
39,39,ISIC_0012222,0.0,0.0,"190,146,111",0.7329787234042553,"160,92,59",0.8236702127659574,"178,120,82",0.8449468085106384,"132,65,44",0.872872340425532,"0,0,0",96.7255319148936,1.0,22.38466536712135,25.154320987654145,25.804093567251286,26.656920077972526
40,40,ISIC_0012254,0.0,1.0,"98,57,51",0.3178191489361702,"177,127,120",9.157446808510636,"183,151,141",26.099202127659574,"181,141,131",27.74547872340425,"0,0,0",36.68005319148936,1.0,0.5019257989860678,14.462183356224505,41.217978604100246,43.81791224068916
41,41,ISIC_0012256,0.0,0.0,"186,116,99",0.9215684219352674,"189,128,117",2.1056934428978704,"188,121,106",2.736536768405165,"188,125,112",3.0706282492034216,"0,0,0",91.16557311755828,1.0,10.431558653418366,23.835088239655956,30.975826783330877,34.75752632359487
42,42,ISIC_0012288,1.0,0.0,"190,134,103",0.6177416988093242,"180,116,80",0.6675278802616134,"150,79,53",0.7583221532785509,"167,95,64",0.958121960422606,"0,0,0",96.99828630722791,1.0,20.57963423682953,22.23822617956447,25.262974117236332,31.919165466369957
43,43,ISIC_0012306,0.0,0.0,"164,109,66",0.4968085106382978,"171,132,94",0.6412234042553191,"154,87,44",0.6441489361702127,"138,65,29",0.8784574468085107,"0,0,0",97.33936170212765,1.0,18.672530987604866,24.10035985605746,24.210315873650423,33.01679328268677
44,44,ISIC_0012313,0.0,0.0,"163,100,70",0.5555851063829788,"125,56,38",0.6422872340425532,"149,75,48",0.7835106382978723,"172,125,95",0.8273936170212767,"0,0,0",97.19122340425531,1.0,19.780323832970307,22.86715273174882,27.89508569264266,29.457437742637925
45,45,ISIC_0012316,0.0,0.0,"155,131,122",0.3731382978723404,"111,50,35",0.3837765957446808,"133,79,60",0.5,"147,104,86",0.5885638297872341,"0,0,0",98.15452127659573,1.0,20.219051736561305,20.79550367488094,27.09324110102299,31.89220348753398
46,46,ISIC_0012335,0.0,0.0,"170,127,123",0.3534574468085106,"194,150,138",0.41595744680851066,"209,171,160",0.5957446808510638,"218,187,180",1.5071808510638298,"0,0,0",97.12765957446808,1.0,12.305555555555546,14.481481481481474,20.74074074074073,52.47222222222219
47,47,ISIC_0012380,0.0,1.0,"182,124,101",1.1784574468085107,"209,178,166",1.8401595744680848,"196,146,125",2.7845744680851063,"204,162,145",3.4367021276595744,"0,0,0",90.76010638297872,1.0,12.754015312877781,19.915376201715492,30.136434287030095,37.19417419837659
48,48,ISIC_0012383,0.0,1.0,"174,114,82",0.5299607999329197,"189,131,97",2.4219667113868857,"198,150,119",3.100893006875734,"194,140,109",3.788859424786181,"0,0,0",90.15832005701829,1.0,5.384861151787858,24.609281397268315,31.50776112250062,38.49809632844327
49,49,ISIC_0012400,0.0,0.0,"125,74,63",1.3471092570853598,"166,116,95",3.786894180781486,"174,139,125",4.283183800100621,"154,94,73",4.327074249538821,"0,0,0",86.2557385124937,1.0,9.801248748868021,27.552547543015102,31.16343358276535,31.48277012535149
50,50,ISIC_0012417,0.0,1.0,"118,79,84",0.2871876572195204,"181,155,166",6.297034839845715,"172,126,124",19.37206523561965,"179,140,138",22.792768950192862,"0,0,0",51.25094331712226,1.0,0.589114286021436,12.917244493178957,39.738338654712365,46.75530256608724
51,51,ISIC_0012434,1.0,0.0,"161,74,57",0.8101063829787234,"185,119,99",0.9555851063829788,"176,96,75",0.9747340425531916,"193,140,121",1.059308510638298,"0,0,0",96.2002659574468,1.0,21.320081192692623,25.148736613704727,25.652691257786763,27.878490935815737
52,52,ISIC_0012492,0.0,1.0,"131,80,65",0.2819470065403321,"157,107,94",0.9569428140197888,"151,89,76",1.0063359466711388,"155,98,84",1.6198851249371122,"0,0,0",96.13488910783165,1.0,7.29466797735675,24.758482763296325,26.0364055455749,41.91044371377269
53,53,ISIC_0012513,0.0,1.0,"203,125,128",1.0844216417910448,"208,148,154",2.755403110850243,"216,173,183",4.884810498071442,"212,163,170",5.736809282240483,"0,0,0",85.53855546704679,1.0,7.49870899355856,19.053443136828566,33.7781643247357,39.6696835448772
54,54,ISIC_0012538,0.0,0.0,"131,101,90",0.3714311168874728,"112,76,64",0.4619633573704511,"62,41,41",0.7061776790206271,"86,55,50",0.7398488596344123,"0,0,0",97.72057898708704,1.0,16.29497643407289,20.266697321531215,30.980572479595363,32.457753764800565
55,55,ISIC_0012547,0.0,0.0,"96,54,50",0.32098985410028513,"159,119,120",0.9040122421599864,"151,90,91",1.7126446419587456,"155,103,105",1.7964950528257588,"0,0,0",95.26585820895521,1.0,6.78031770631536,19.095588642275906,36.17645430896097,37.94763934244743
56,56,ISIC_0012660,0.0,0.0,"162,88,46",1.1167173032407407,"199,160,138",1.5493887442129632,"179,113,74",1.6569914641203702,"190,137,105",1.7180266203703702,"0,0,0",93.95887586805556,1.0,18.485256698099093,25.647358179913198,27.42852866337375,28.438856458613987
57,57,ISIC_0012684,0.0,0.0,"155,123,97",2.1558510638297874,"142,90,58",3.13936170212766,"93,39,24",4.48563829787234,"122,61,35",4.602127659574467,"0,0,0",85.61702127659574,1.0,14.988905325443778,21.826923076923066,31.187130177514767,31.997041420118318
58,58,ISIC_0012720,0.0,1.0,"146,73,36",2.4268617021276597,"158,91,56",3.412234042553192,"174,115,91",5.150531914893617,"167,104,76",5.4316489361702125,"0,0,0",83.57872340425531,1.0,14.778763928478876,20.779346981083176,31.36499093029281,33.0768981601451
59,59,ISIC_0012746,0.0,0.0,"126,68,37",0.4132978723404256,"102,44,21",0.452127659574468,"143,93,59",0.611436170212766,"154,115,87",0.6547872340425532,"0,0,0",97.86835106382978,1.0,19.38864628820952,21.210230817217617,28.683718028696067,30.717404865876343
60,60,ISIC_0012876,0.0,0.0,"148,113,105",0.17488649117436994,"186,131,107",0.30625063769003164,"174,117,98",0.32027981838587893,"195,144,119",0.3323959289868381,"0,0,0",98.86618712376287,1.0,15.42463442069726,27.010686164229206,28.24803149606271,29.31664791900984
61,61,ISIC_0012927,0.0,1.0,"91,44,34",2.491614376084073,"154,107,92",5.957937965513724,"169,136,123",6.144462299765331,"132,79,66",7.078997041118254,"0,0,0",78.32698831751863,1.0,11.496391976284878,27.490124828058008,28.350754338087647,32.662728857569505
62,62,ISIC_0012956,0.0,0.0,"169,110,95",0.426295786144271,"113,71,64",0.4441511070298949,"141,90,79",0.4687021732476278,"180,128,114",0.6418350168350169,"0,0,0",98.0190159167432,1.0,21.51939481731864,22.42073072589743,23.66006760019327,32.39980685659119
63,63,ISIC_0012959,0.0,1.0,"149,56,56",0.061696510560146925,"187,106,104",0.6416755943271094,"196,139,136",1.164740842771146,"193,125,121",2.242277573716968,"0,0,0",95.88960947862464,1.0,1.5009890237753576,15.611061552185564,28.336500795097585,54.551448628941614
64,64,ISIC_0012965,0.0,0.0,"180,136,105",0.1571808510638298,"156,91,62",0.213031914893617,"127,58,39",0.248936170212766,"198,171,160",0.2539893617021277,"0,0,0",99.12686170212764,1.0,18.00182759670995,24.398416082850538,28.51050868108378,29.089247639353644
65,65,ISIC_0013010,0.0,0.0,"138,89,71",0.3808510638297872,"119,65,47",0.5023936170212766,"150,113,101",0.5867021276595744,"99,48,33",0.586968085106383,"0,0,0",97.94308510638298,1.0,18.515645202999753,24.424618567364902,28.52340315490046,28.536333074734962
66,66,ISIC_0013082,0.0,0.0,"207,171,151",0.5080795327007448,"189,126,101",0.5581382001836548,"200,150,123",0.5885878991939598,"173,105,86",0.9173171104989288,"0,0,0",97.42787725742271,1.0,19.753315978678533,21.699516548902903,22.88335192760626,35.663815544812145
67,67,ISIC_0013104,0.0,0.0,"191,127,92",1.3616276400367309,"138,65,44",2.1415225487195184,"181,104,67",2.3510037241097854,"160,81,54",2.8611557494133253,"0,0,0",91.28469033772065,1.0,15.623399429282223,24.57196165947174,26.97556157166901,32.82907733957711
68,68,ISIC_0013127,0.0,1.0,"118,39,70",2.1513297872340424,"164,77,80",5.28218085106383,"179,109,111",11.663829787234045,"175,94,97",12.402393617021275,"0,0,0",68.5002659574468,1.0,6.829676035765244,16.76896968059507,37.028343704354135,39.37301057928552
69,69,ISIC_0013128,0.0,0.0,"113,48,32",0.5951242220181614,"152,94,69",1.3424969390878485,"161,112,91",1.3874540863177227,"136,71,47",1.4156718702173248,"0,0,0",95.25925288235895,1.0,12.553384672293793,28.31825671722102,29.26657026599863,29.861788344486712
70,70,ISIC_0013132,0.0,0.0,"72,29,16",0.34095744680851064,"104,54,35",0.6465425531914893,"128,82,57",0.8646276595744681,"139,102,76",1.0723404255319149,"0,0,0",97.07553191489363,1.0,11.658785012731958,22.10803928701356,29.5652964714443,36.66787922881065
71,71,ISIC_0013188,0.0,0.0,"52,20,16",0.3151595744680851,"123,69,54",0.3654255319148936,"141,102,95",0.4319148936170213,"96,39,28",0.4603723404255319,"0,0,0",98.4271276595745,1.0,20.03719986472811,23.233006425431576,27.460263780859453,29.26952992898258
72,72,ISIC_0013215,0.0,1.0,"116,67,40",3.8656914893617023,"144,113,96",7.2151595744680845,"128,84,59",8.281648936170214,"136,97,76",8.632446808510638,"0,0,0",72.00505319148937,1.0,13.80853307492804,25.77307834810614,29.582656444457122,30.83573213250872
73,73,ISIC_0013232,1.0,0.0,"89,37,23",1.1872340425531915,"138,67,38",1.1912234042553191,"164,99,65",2.3885638297872336,"175,126,94",3.1037234042553186,"0,0,0",92.12925531914894,1.0,15.084138676758808,15.134824626613508,30.347367709670884,39.43366898695682
74,74,ISIC_0013421,0.0,1.0,"86,64,57",2.271429020627201,"161,143,131",2.7318201827938964,"117,94,83",4.749077645480463,"143,118,102",5.385030605399966,"0,0,0",84.86264254569848,1.0,15.005452751475708,18.046876352368926,31.3732278557704,35.574443040384985
75,75,ISIC_0013491,1.0,0.0,"179,142,117",1.6476063829787235,"173,121,92",1.6497340425531914,"148,76,50",1.6675531914893615,"165,100,71",1.7332446808510638,"0,0,0",93.30186170212768,1.0,24.597974985110266,24.629739924558347,24.895771292436052,25.876513797895655
76,76,ISIC_0013501,1.0,0.0,"144,84,63",0.5851186483313768,"167,108,79",1.9938055508971992,"195,148,122",2.0234152272346133,"181,126,95",2.0804073033707864,"0,0,0",93.31725327016602,1.0,8.755660987707564,29.835120669711984,30.278197110200544,31.13102123237985
77,77,ISIC_0013518,1.0,0.0,"150,100,88",2.3970736206607413,"158,114,106",8.294115797417406,"162,133,133",13.521402817373804,"160,124,121",14.262561839678016,"0,0,0",61.524845924870036,1.0,6.230185890821918,21.557069742259092,35.14320642087807,37.06953794604093
78,78,ISIC_0013527,0.0,0.0,"127,72,39",0.0970744680851064,"146,96,62",0.11515957446808513,"159,120,92",0.14574468085106382,"165,137,115",0.21382978723404256,"0,0,0",99.42819148936172,1.0,16.976744186047124,20.139534883721655,25.488372093024168,37.39534883721065
79,79,ISIC_0013549,1.0,0.0,"150,101,73",1.5036736961261108,"106,52,38",1.6510669964782831,"131,72,50",1.9466396947845048,"162,126,108",2.38423402649673,"0,0,0",92.51438558611437,1.0,20.08751203290452,22.05653277325633,26.005075697908467,31.85087949593069
80,80,ISIC_0013561,0.0,0.0,"168,133,116",0.7720744680851064,"147,78,56",1.2792553191489362,"162,111,91",2.4284574468085105,"158,94,75",2.8329787234042554,"0,0,0",92.6872340425532,1.0,10.557899330811766,17.493453593249946,33.20846668606346,38.740180389874936
81,81,ISIC_0013562,0.0,0.0,"133,86,57",0.18905647325171893,"178,137,106",1.413927553245011,"166,115,79",1.5280427217843369,"172,125,91",2.4975630974341767,"0,0,0",94.37141015428476,1.0,3.358860361723426,25.120458089895507,27.14787830823307,44.37280324014806
82,82,ISIC_0013632,0.0,1.0,"125,79,89",0.052930571859802114,"191,146,150",2.4979561462351163,"201,166,169",3.3808747694113706,"198,158,159",5.2990839342612786,"0,0,0",88.76915457823245,1.0,0.4712964151141499,22.241924382590053,30.10347522777386,47.183303974522055
83,83,ISIC_0013637,0.0,1.0,"163,93,85",0.5683485661579741,"168,122,115",1.8131341187321817,"164,106,96",1.9786076639275527,"166,113,105",2.1692363323830293,"0,0,0",93.47067331879927,1.0,8.704550927040705,27.76908259089818,30.303395136046262,33.22297134601498
84,84,ISIC_0013644,1.0,0.0,"131,87,67",1.182683842025826,"148,105,84",1.9176850997819888,"158,123,105",2.8477695790709374,"164,136,123",3.1396738219017273,"0,0,0",90.91218765721952,1.0,13.013955365895853,21.10172423735655,31.336139784326157,34.548180612421426
85,85,ISIC_0013651,1.0,0.0,"102,72,65",4.710689879255408,"145,90,72",6.161695036055678,"171,114,89",11.33683758175415,"180,129,108",12.347366048968642,"0,0,0",65.44341145396612,1.0,13.631814011328565,17.830738783278616,32.80658785705078,35.730859348342044
86,86,ISIC_0013663,1.0,0.0,"165,82,50",3.0142912544021465,"186,122,81",3.7249234865000838,"181,108,67",5.821052741908437,"175,95,58",6.125796578903238,"0,0,0",81.3139359382861,1.0,16.131226161094904,19.934232667713705,31.151839802557774,32.78270136863361
87,87,ISIC_0013702,1.0,0.0,"136,70,37",2.0830276287103806,"145,85,51",3.160112359550562,"150,101,70",3.6658351500922364,"151,112,87",5.755020543350662,"0,0,0",85.33600431829616,1.0,14.205048023229843,21.55014518650883,24.998883180701373,39.24592360955998
88,88,ISIC_0013736,1.0,0.0,"97,45,34",1.55804544692269,"129,77,60",1.9425781905081336,"122,65,47",3.868255282575885,"112,54,39",3.958132441723965,"0,0,0",88.67298863826932,1.0,13.75513272800878,17.149962408189218,34.150714244404575,34.94419061939735
89,89,ISIC_0013793,0.0,0.0,"159,66,53",1.0547779224537035,"181,98,85",1.1063187210648149,"193,114,118",3.1159577546296298,"201,134,140",3.3121744791666665,"0,0,0",91.4107711226852,1.0,12.280240025265842,12.880303189809483,36.277502895041664,38.56195388988323
90,90,ISIC_0013828,1.0,0.0,"85,52,57",2.577393617021277,"99,52,36",5.110372340425532,"113,78,70",11.660106382978725,"108,67,55",12.504787234042555,"0,0,0",68.14734042553191,1.0,8.091611976687874,16.04378538149391,36.60638244576925,39.25822019604896
91,91,ISIC_0013863,0.0,1.0,"171,126,109",0.13953232433338922,"156,105,85",0.1420216334060037,"178,141,131",0.2738239979875901,"183,154,147",0.3529578232433339,"0,0,0",99.09166422102969,1.0,15.36131544785816,15.635367084956103,30.145680080773293,38.857637386413046
92,92,ISIC_0013898,0.0,0.0,"144,101,95",0.5462068170384035,"126,74,63",0.7598943484823075,"101,53,45",1.4997432081167197,"83,43,37",2.0467361227570016,"0,0,0",95.14741950360556,1.0,11.256007343809046,15.659592850585865,30.90609644149248,42.17830336411248
93,93,ISIC_0013945,0.0,1.0,"117,61,82",0.013363659231930235,"170,113,86",0.437332299178266,"175,124,99",0.7140386550394097,"173,118,93",1.0224509475096428,"0,0,0",97.81281443904075,1.0,0.6109979633401217,19.995207859111044,32.64645980591827,46.747334371630494
94,94,ISIC_0014037,1.0,0.0,"148,91,88",3.0762619486835487,"183,147,148",7.340710422606071,"165,113,109",9.674241153781654,"174,130,128",10.408456313935938,"0,0,0",69.50033016099279,1.0,10.08621393254952,24.06816356161912,31.719166813435116,34.12645569239625
95,95,ISIC_0014038,0.0,1.0,"142,94,86",1.613727360389066,"151,120,113",1.708845170216334,"146,103,95",2.5366059449941307,"148,113,104",2.9908393426127784,"0,0,0",91.14998218178768,1.0,18.234170750122107,19.308946098387807,28.662156360567845,33.79472679092209
96,96,ISIC_0014055,0.0,1.0,"115,66,64",1.684607160825088,"145,98,90",3.7934449941304713,"157,117,113",10.920598901559618,"163,130,130",16.843320266644312,"0,0,0",66.75802867684052,1.0,5.067711371411456,11.411612618435784,32.851839006164184,50.668837003988614
97,97,ISIC_0014139,0.0,1.0,"98,67,58",0.8371939460003354,"150,120,108",1.699411998993795,"119,86,75",1.9639338420258257,"137,103,90",2.170808527586785,"0,0,0",93.32865168539324,1.0,12.54909662215236,25.473291437549022,29.438334642576503,32.539277297721824
98,98,ISIC_0014162,0.0,0.0,"208,162,163",0.21132923863826933,"214,184,185",0.6122390155961764,"211,172,173",0.8154452456817038,"213,179,179",0.9129213483146068,"0,0,0",97.44806515176924,1.0,8.281137693808395,23.991169524591832,31.9539993839203,35.773693397679416
99,99,ISIC_0014178,0.0,0.0,"95,64,63",1.0698788361562972,"136,78,69",1.1022398541002851,"160,100,85",1.1167826597350328,"170,121,113",1.4579490189501931,"0,0,0",95.25314963105819,1.0,22.53870994452265,23.220446578896528,23.52681405426293,30.714029422317914
100,100,ISIC_0014211,0.0,0.0,"124,82,68",1.6192300436022136,"131,104,98",2.3307793895690088,"128,90,78",3.3741929397954045,"130,97,87",3.7610839761864834,"0,0,0",88.91471365084688,1.0,14.607020446755687,21.025883465311406,30.438482448883075,33.92861363904972
101,101,ISIC_0014212,0.0,1.0,"122,64,53",2.03848209793728,"158,107,95",11.401428601375143,"169,142,138",12.77880261613282,"165,123,115",25.948819805467053,"0,0,0",47.83246687908772,1.0,3.907568512416621,21.85541067266736,24.495700393795715,49.741320421120335
102,102,ISIC_0014217,1.0,0.0,"151,85,57",4.019448054670468,"176,136,115",9.66703525909777,"166,106,76",9.733198473922524,"172,123,95",12.195649211806138,"0,0,0",64.38466900050311,1.0,11.285724270616065,27.142904439760304,27.328676164935874,34.242695124687785
103,103,ISIC_0014302,1.0,0.0,"146,105,82",0.8885523226563811,"108,55,36",0.9735818799262116,"138,88,62",1.4668581251048132,"126,71,48",1.4677752389736711,"0,0,0",95.20323243333893,1.0,18.523981208347,20.296624057686014,30.580137659783695,30.599257074183345
104,104,ISIC_0014310,0.0,1.0,"192,147,123",0.6888835317793057,"181,131,102",0.8103356112694952,"166,115,91",1.6041631728995471,"154,103,87",1.7773666778467214,"0,0,0",95.11925100620493,1.0,14.114299519501795,16.60268971626447,32.86715163879421,36.41585912543959
105,105,ISIC_0014382,0.0,1.0,"130,80,60",3.0805854854938786,"176,139,126",4.630507923863827,"151,104,83",7.112480085527419,"165,122,104",7.600384663759852,"0,0,0",77.57604184135502,1.0,13.737920235577315,20.64982413498954,31.71821868025287,33.89403694918027
106,106,ISIC_0014428,1.0,0.0,"163,116,93",0.8868491111856449,"175,141,126",0.9159347224551401,"115,65,56",1.2044325423444575,"142,85,68",1.3363659231930236,"0,0,0",95.65641770082172,1.0,20.4174584502156,21.087081108798532,27.729013965553555,30.766446475431987
107,107,ISIC_0014558,1.0,0.0,"109,66,56",1.8585967633741405,"161,125,109",4.012766225054503,"143,92,72",4.4031947006540335,"155,109,89",6.987883615629718,"0,0,0",82.73755869528759,1.0,10.766708662851581,23.24564732312267,25.507369571487096,40.48027444253856
108,108,ISIC_0014568,0.0,1.0,"179,131,87",1.3863381287623713,"215,170,147",2.3400035710641767,"194,148,107",2.4955999387817567,"206,160,128",3.4161054994388325,"0,0,0",90.36195286195287,1.0,14.38401482069606,24.278814344316547,25.893211591901572,35.443959243085914
109,109,ISIC_0014572,0.0,1.0,"200,135,102",0.6510815222936436,"179,114,75",1.2364809713294562,"131,73,52",1.6905162738496071,"152,92,62",1.9462299765330067,"0,0,0",94.47569125599428,1.0,11.785755511947345,22.382546461964644,30.60140828812185,35.230289737966004
110,110,ISIC_0014597,0.0,1.0,"148,111,78",0.1597413529231711,"186,150,115",0.17153861850831548,"173,135,99",0.38261401897765535,"161,123,89",0.5146158555249464,"0,0,0",98.77149015406592,1.0,13.002854918245566,13.963145600830568,31.144562678432493,41.8894368024917
111,111,ISIC_0014601,0.0,1.0,"231,198,172",1.6216457504336292,"214,172,137",3.807009488827671,"186,135,92",4.123303744515866,"202,154,112",5.082708397102337,"0,0,0",85.36533261912051,1.0,11.080851434671787,26.013638641364757,28.174905771367587,34.730604152595944
112,112,ISIC_0014608,0.0,1.0,"163,117,71",2.002984389348026,"219,181,131",3.427265074992348,"184,139,89",4.6602387511478405,"202,159,107",6.006721252933374,"0,0,0",83.9027905315784,1.0,12.443053519787659,21.29105098443132,28.95060016638274,37.31529532939823
113,113,ISIC_0014610,0.0,1.0,"84,61,57",0.4859198041016223,"124,88,68",0.5838052239567391,"157,122,90",1.164740842771146,"180,145,118",1.4826293235384145,"0,0,0",96.28290480563207,1.0,13.072568193515158,15.705952993652398,31.334705781437588,39.886773031394675
114,114,ISIC_0014611,0.0,1.0,"163,122,88",2.1566676869707173,"116,83,64",2.7522701765126008,"215,168,131",6.27837720640751,"233,190,159",9.710424956637077,"0,0,0",79.10225997347209,1.0,10.320100088492872,13.170180952671565,30.04333099386652,46.46638796496901
115,115,ISIC_0014616,0.0,1.0,"124,82,55",0.1629298030813182,"190,149,117",0.7429088868482808,"174,130,96",1.2183068054280175,"157,114,79",1.4446867666564636,"0,0,0",96.43116773798592,1.0,4.565353345841145,20.816581792191528,34.13740730813898,40.480657553828244
116,116,ISIC_0014618,0.0,1.0,"149,104,73",0.7888225691255993,"195,154,127",0.9227374757677788,"168,122,90",1.0544204672992552,"183,138,108",1.4057876747270686,"0,0,0",95.8282318130803,1.0,18.90859064506265,22.118618159584198,25.27514521553039,33.697645979822646
117,117,ISIC_0014620,0.0,1.0,"178,129,89",0.4954851545760637,"197,151,115",1.0821599836751352,"215,177,156",2.0750433629221505,"208,165,135",3.4546857463524128,"0,0,0",92.89262575247423,1.0,6.971423444439454,15.225875914046014,29.19563949576059,48.607061145753846
118,118,ISIC_0014623,0.0,1.0,"152,114,81",5.194941842669115,"222,181,163",8.67545403530252,"183,141,112",11.553986838077748,"203,161,134",13.372359963269053,"0,0,0",61.203257320681566,1.0,13.390149491695361,22.361294882436574,29.780816739125076,34.467738886742985
119,119,ISIC_0014624,0.0,1.0,"188,139,117",1.9121135598408328,"159,111,84",2.238292011019284,"104,62,51",2.5058029792878282,"129,82,66",3.35839455157637,"0,0,0",89.98539689827568,1.0,19.093253526059403,22.35028176637269,25.021490655544582,33.534974052023294
120,120,ISIC_0014633,0.0,1.0,"155,105,72",0.2793082338536884,"194,146,124",0.5653122130394858,"181,132,106",0.5774283236404448,"169,119,88",0.5844429139883686,"0,0,0",97.993508315478,1.0,13.920228825679212,28.174161767042513,28.77800730970896,29.127602097568488
121,121,ISIC_0014635,0.0,1.0,"138,111,104",0.09947964493419037,"204,180,179",3.0500714212835423,"198,163,151",3.3507422711968173,"202,172,164",5.883009386797266,"0,0,0",87.6166972757882,1.0,0.8033369380503638,24.630516504454423,27.05855090375409,47.507595653741234
122,122,ISIC_0014637,0.0,1.0,"222,178,177",1.2026833996530966,"150,110,106",1.4016426895214773,"178,132,123",1.5492679318436893,"203,155,147",1.7137919600040814,"0,0,0",94.13261401897766,1.0,20.497771981306403,23.888707749157724,26.404738615367922,29.20878165416806
123,123,ISIC_0014688,1.0,0.0,"108,58,25",10.01159610545892,"205,147,115",12.03752324690953,"0,0,0",17.067115195274038,"145,95,57",27.052346570397116,"171,119,83",33.831418881960396,0.0,,,,
124,124,ISIC_0014712,0.0,1.0,"163,133,128",12.400091781712494,"216,173,169",15.56574138317226,"41,35,41",16.656632594526965,"3,4,5",23.594893003283378,"115,92,87",31.782641237304894,0.0,,,,
125,125,ISIC_0014809,1.0,0.0,"160,97,82",2.826414846875205,"59,19,13",3.665267667825213,"130,65,49",3.7083852493059655,"98,37,26",5.968915994491442,"0,0,0",83.83101624150217,1.0,17.480473040797904,22.668509799812753,22.93517826905462,36.91583889033469
126,126,ISIC_0014829,0.0,0.0,"182,108,83",1.8736135292426688,"134,57,29",2.2129836037120807,"112,31,9",2.3034533630560117,"157,83,54",2.6085989662148603,"0,0,0",91.00135053777441,1.0,20.82105250468639,24.592397036929977,25.597767450831572,28.988783007552446
127,127,ISIC_0014857,1.0,0.0,"126,69,47",3.8869225290468505,"170,108,93",16.611971053733274,"223,152,143",16.952323476161734,"195,130,117",24.66353498942515,"0,0,0",37.88524795163298,1.0,6.2576479835582575,26.74400284299291,27.29194421151586,39.70640496193294
128,128,ISIC_0014931,1.0,0.0,"163,73,55",3.322287598603388,"132,49,32",4.647236949868528,"99,27,16",8.201431096167939,"71,13,6",10.522867364972628,"0,0,0",73.30617699038751,1.0,12.445904048314949,17.409409465984137,30.72407835031569,39.4206081353852
129,129,ISIC_0014937,0.0,0.0,"111,61,42",13.576339497392128,"223,179,156",14.338980128453812,"195,134,111",18.842407000301737,"0,0,0",25.04412905728695,"155,98,74",28.198144316565372,0.0,,,,
130,130,ISIC_0014945,0.0,0.0,"117,87,72",0.8178154230785809,"155,121,110",0.8868916763653607,"82,54,40",1.0079637053321262,"41,24,18",1.5041057804215698,"0,0,0",95.78322341480236,1.0,19.39432660362894,21.03245591617686,23.903654485049845,35.66956299514441
131,131,ISIC_0014946,1.0,0.0,"52,23,22",6.607774041984568,"185,132,120",6.68213069528859,"104,59,49",7.128863313073841,"140,91,75",8.41016854174749,"0,0,0",71.1710634079055,1.0,22.9206305299397,23.17855420695945,24.72815218244549,29.172663080655347
132,132,ISIC_0014979,1.0,0.0,"168,72,40",5.415262571476051,"237,126,111",11.807312282575236,"193,95,70",16.15981213955503,"213,109,89",19.80974226396899,"0,0,0",46.807870742424704,1.0,10.180571161672086,22.197480054614868,30.38008134869624,37.24186743501682
133,133,ISIC_0014985,1.0,0.0,"190,144,151",0.8370915933941144,"99,43,38",11.904275223602955,"139,96,88",19.156040794696256,"122,70,64",25.65415355331322,"0,0,0",42.44843883499346,1.0,1.45450718703196,20.68453918994849,33.28500636111993,44.57594726189962
134,134,ISIC_0014989,0.0,0.0,"162,110,92",4.881644223954642,"197,143,126",5.5333914844899965,"93,40,28",6.11306765523633,"125,70,53",7.79992367660688,"0,0,0",75.67197295971215,1.0,20.065927318604633,22.744924918599256,25.12767535613525,32.06147240666085
135,135,ISIC_0015043,0.0,0.0,"104,59,39",5.434990387256248,"151,104,80",8.674924471299093,"183,133,112",8.928975556165888,"211,162,149",10.263883548475693,"0,0,0",66.69722603680309,1.0,16.319932967933806,26.048654327972205,26.811506951442997,30.819905752651028
136,136,ISIC_0015062,0.0,1.0,"203,162,156",10.720554029797908,"92,58,55",13.958497548185825,"24,14,10",17.37577059980253,"155,124,126",22.312587638873907,"119,90,96",35.63259018333984,0.0,,,,
137,137,ISIC_0015124,1.0,0.0,"221,181,161",7.49289855425667,"101,45,22",7.766774711541847,"153,86,59",12.202355324121086,"192,121,96",13.104895597239034,"0,0,0",59.433075812841366,1.0,18.470462585942194,19.145584406915425,30.079567452106,32.30438555503638
138,138,ISIC_0015144,0.0,0.0,"160,123,100",1.2719838630540259,"126,86,63",2.041051082156681,"95,52,34",2.7405004633920296,"64,26,17",3.952952079812463,"0,0,0",89.99351251158481,1.0,12.711591999956426,20.397278111022143,27.387237195517297,39.503892693504234
139,139,ISIC_0015211,0.0,0.0,"158,110,92",7.938460693895477,"201,164,144",12.94773825208608,"92,35,44",13.2026240667545,"225,205,193",13.622584541062801,"0,0,0",52.28859244620114,1.0,16.638496118447474,27.137615333369393,27.671839385302913,28.552049162880234
140,140,ISIC_0015243,1.0,0.0,"101,46,30",12.53411504709593,"189,126,125",14.463599888428776,"134,73,62",19.418542279056798,"162,100,95",19.690497135623406,"0,0,0",33.893245649795105,1.0,18.960415119906855,21.879155966131542,29.37452075802389,29.785908155937744
141,141,ISIC_0015256,1.0,0.0,"119,33,14",14.4668465410057,"165,80,55",14.569606258120574,"0,0,0",15.056289190592375,"226,133,115",26.03979652499993,"201,110,89",29.86746148528142,0.0,,,,
142,142,ISIC_0015313,0.0,0.0,"219,192,172",9.959460044599364,"122,66,37",13.70521119747126,"160,110,78",19.42378055381152,"192,147,119",19.830479118404813,"0,0,0",37.08106908571305,1.0,15.829035712903186,21.782333231538153,30.871123001552743,31.517508054005926
143,143,ISIC_0015372,0.0,0.0,"211,167,151",6.607583460683429,"156,109,90",15.571093926011178,"2,0,1",21.534118515663387,"110,64,55",25.01309692812569,"71,30,33",31.274107169516324,0.0,,,,
144,144,ISIC_0015401,0.0,0.0,"86,43,40",3.1180336616735005,"136,98,82",3.593010656081372,"182,140,114",7.993966817496227,"218,170,144",8.143544004661013,"0,0,0",77.15144486008788,1.0,13.646524441394035,15.72532982536414,34.986749790284435,35.64139594295736
145,145,ISIC_0015443,0.0,0.0,"160,118,103",6.591019283746557,"121,59,26",7.0376859504132225,"133,81,52",9.709752066115703,"144,98,75",10.261873278236914,"0,0,0",66.3996694214876,1.0,19.615935826421754,20.94528782676282,28.89778731023898,30.540989036576445
146,146,ISIC_0015445,0.0,0.0,"88,28,20",8.018994898512972,"216,141,128",9.435960056441985,"130,73,64",9.901823510257245,"171,110,100",13.303647020514491,"0,0,0",59.33957451427331,1.0,19.721866662039567,23.206742043942345,24.352483752864686,32.718907541153406
147,147,ISIC_0015483,0.0,0.0,"87,54,42",5.216965575494767,"189,147,131",7.181128796662192,"124,90,77",8.236541032600654,"156,120,106",8.949026338230112,"0,0,0",70.41633825701228,1.0,17.634617448028916,24.273968716412707,27.841519769110327,30.249894066448082
148,148,ISIC_0015496,0.0,0.0,"154,75,51",6.033106614886176,"71,27,16",7.425386744480442,"216,116,91",8.003143304653808,"243,169,144",8.147864054755724,"0,0,0",70.39049928122384,1.0,20.37557698857254,25.077716828138918,27.02897080455938,27.51773537872913
149,149,ISIC_0015627,0.0,0.0,"114,27,5",2.274260063904828,"156,67,36",2.3087001227238053,"181,88,61",2.8608466836932127,"135,46,17",3.642243523831637,"0,0,0",88.91394960584654,1.0,20.51461055151096,20.825271766231218,25.805824274459013,32.85429340779901
